[
    {
        "Previous Work Experience": [
            {
                "Role": "Senior Consultant",
                "Company": "Deloitte and Touche",
                "Location": "Jeddah - Riyadh, Saudi Arabia",
                "Duration": "08/2021-Present"
            },
            {
                "Role": "Finance Manager",
                "Company": "Selected KSA",
                "Location": "Jeddah, Saudi Arabia",
                "Duration": "01/2021-07/2021"
            },
            {
                "Role": "Online Brand Coordinator",
                "Company": "Crate KSA",
                "Location": "Jeddah, Saudi Arabia",
                "Duration": "07/2020-10/2020"
            }
        ]
    }
]